{
  "staging": {
    "awscloudformation": {
      "AuthRoleName": "amplify-amplify260ce45ac71d4-staging-83333-authRole",
      "UnauthRoleArn": "arn:aws:iam::352357687232:role/amplify-amplify260ce45ac71d4-staging-83333-unauthRole",
      "AuthRoleArn": "arn:aws:iam::352357687232:role/amplify-amplify260ce45ac71d4-staging-83333-authRole",
      "Region": "ap-southeast-2",
      "DeploymentBucketName": "amplify-amplify260ce45ac71d4-staging-83333-deployment",
      "UnauthRoleName": "amplify-amplify260ce45ac71d4-staging-83333-unauthRole",
      "StackName": "amplify-amplify260ce45ac71d4-staging-83333",
      "StackId": "arn:aws:cloudformation:ap-southeast-2:352357687232:stack/amplify-amplify260ce45ac71d4-staging-83333/17d06650-301a-11ed-bdb8-0a9dbee35cbe",
      "AmplifyAppId": "d20ltqp1wnkrfr"
    },
    "categories": {
      "auth": {
        "Capstoneconnect": {}
      }
    }
  }
}