{
  "providers": {
    "awscloudformation": {
      "AuthRoleName": "amplify-amplify260ce45ac71d4-staging-83333-authRole",
      "UnauthRoleArn": "arn:aws:iam::352357687232:role/amplify-amplify260ce45ac71d4-staging-83333-unauthRole",
      "AuthRoleArn": "arn:aws:iam::352357687232:role/amplify-amplify260ce45ac71d4-staging-83333-authRole",
      "Region": "ap-southeast-2",
      "DeploymentBucketName": "amplify-amplify260ce45ac71d4-staging-83333-deployment",
      "UnauthRoleName": "amplify-amplify260ce45ac71d4-staging-83333-unauthRole",
      "StackName": "amplify-amplify260ce45ac71d4-staging-83333",
      "StackId": "arn:aws:cloudformation:ap-southeast-2:352357687232:stack/amplify-amplify260ce45ac71d4-staging-83333/17d06650-301a-11ed-bdb8-0a9dbee35cbe",
      "AmplifyAppId": "d20ltqp1wnkrfr"
    }
  },
  "api": {
    "Capstoneconnect": {
      "service": "AppSync",
      "providerPlugin": "awscloudformation",
      "dependsOn": [
        {
          "category": "auth",
          "resourceName": "Capstoneconnect",
          "attributes": [
            "UserPoolId"
          ]
        }
      ],
      "output": {
        "authConfig": {
          "defaultAuthentication": {
            "authenticationType": "API_KEY",
            "apiKeyConfig": {
              "apiKeyExpirationDays": 30,
              "description": "api key description"
            }
          },
          "additionalAuthenticationProviders": [
            {
              "authenticationType": "AWS_IAM"
            },
            {
              "authenticationType": "AMAZON_COGNITO_USER_POOLS",
              "userPoolConfig": {
                "userPoolId": "authCapstoneconnect"
              }
            }
          ]
        },
        "GraphQLAPIIdOutput": "ngnd6a3z2jezhd2l2nafj7fzdm",
        "GraphQLAPIEndpointOutput": "https://gkdnmhy3mrfudlvk56dy7qpuse.appsync-api.ap-southeast-2.amazonaws.com/graphql",
        "GraphQLAPIKeyOutput": "da2-jgpm7mqzfrgzncnmlkedntw3ji"
      },
      "lastPushTimeStamp": "2022-09-15T10:04:40.047Z",
      "providerMetadata": {
        "s3TemplateURL": "https://s3.amazonaws.com/amplify-amplify260ce45ac71d4-staging-83333-deployment/amplify-cfn-templates/api/cloudformation-template.json",
        "logicalId": "apiCapstoneconnect"
      },
      "lastPushDirHash": "gfKrMCXsIaMJprKwXt7XM2bbEYs="
    },
    "api10aba49f": {
      "service": "API Gateway",
      "providerPlugin": "awscloudformation",
      "dependsOn": [
        {
          "category": "function",
          "resourceName": "projectsLambda",
          "attributes": [
            "Name",
            "Arn"
          ]
        }
      ]
    }
  },
  "auth": {
    "Capstoneconnect": {
      "service": "Cognito",
      "providerPlugin": "awscloudformation",
      "dependsOn": [],
      "customAuth": false,
      "frontendAuthConfig": {
        "socialProviders": [],
        "usernameAttributes": [
          "EMAIL"
        ],
        "signupAttributes": [
          "EMAIL",
          "PREFERRED_USERNAME",
          "GIVEN_NAME",
          "FAMILY_NAME"
        ],
        "passwordProtectionSettings": {
          "passwordPolicyMinLength": 8,
          "passwordPolicyCharacters": [
            "REQUIRES_LOWERCASE",
            "REQUIRES_NUMBERS",
            "REQUIRES_UPPERCASE"
          ]
        },
        "mfaConfiguration": "OFF",
        "mfaTypes": [
          "SMS"
        ],
        "verificationMechanisms": [
          "EMAIL"
        ]
      },
      "output": {
        "UserPoolId": "ap-southeast-2_3Tt32KH01",
        "AppClientIDWeb": "7fcfc74is1ld7607ra2n6tb0v1",
        "AppClientID": "78i4gln6dettm95l96oah3puan",
        "IdentityPoolId": "ap-southeast-2:059ca21d-7e87-46bd-88fc-8cf987acfc69",
        "UserPoolArn": "arn:aws:cognito-idp:ap-southeast-2:352357687232:userpool/ap-southeast-2_3Tt32KH01",
        "IdentityPoolName": "testAuthIdentityPool__staging",
        "UserPoolName": "Capstoneconnect"
      },
      "lastPushTimeStamp": "2022-09-15T10:04:40.066Z",
      "providerMetadata": {
        "s3TemplateURL": "https://s3.amazonaws.com/amplify-amplify260ce45ac71d4-staging-83333-deployment/amplify-cfn-templates/auth/Capstoneconnect-cloudformation-template.json",
        "logicalId": "authCapstoneconnect"
      }
    }
  },
  "storage": {
    "s3capstoneconnectstoragef5074fa2": {
      "service": "S3",
      "providerPlugin": "awscloudformation",
      "dependsOn": [],
      "output": {
        "BucketName": "capstone-connect-storage-f5074fa283333-staging",
        "Region": "ap-southeast-2"
      },
      "lastPushTimeStamp": "2022-09-15T10:04:50.320Z",
      "providerMetadata": {
        "s3TemplateURL": "https://s3.amazonaws.com/amplify-amplify260ce45ac71d4-staging-83333-deployment/amplify-cfn-templates/storage/cloudformation-template.json",
        "logicalId": "storages3capstoneconnectstoragef5074fa2"
      }
    }
  },
  "function": {
    "capstoneconnectTest": {
      "providerPlugin": "awscloudformation",
      "service": "LambdaLayer",
      "build": true
    },
    "projectsLambda": {
      "build": true,
      "providerPlugin": "awscloudformation",
      "service": "Lambda"
    }
  }
}