{
  "api": {
    "Capstoneconnect": {
      "service": "AppSync",
      "providerPlugin": "awscloudformation",
      "dependsOn": [
        {
          "category": "auth",
          "resourceName": "Capstoneconnect",
          "attributes": [
            "UserPoolId"
          ]
        }
      ],
      "output": {
        "authConfig": {
          "defaultAuthentication": {
            "authenticationType": "API_KEY",
            "apiKeyConfig": {
              "apiKeyExpirationDays": 30,
              "description": "api key description"
            }
          },
          "additionalAuthenticationProviders": [
            {
              "authenticationType": "AWS_IAM"
            },
            {
              "authenticationType": "AMAZON_COGNITO_USER_POOLS",
              "userPoolConfig": {
                "userPoolId": "authCapstoneconnect"
              }
            }
          ]
        }
      }
    },
    "api10aba49f": {
      "service": "API Gateway",
      "providerPlugin": "awscloudformation",
      "dependsOn": [
        {
          "category": "function",
          "resourceName": "projectsLambda",
          "attributes": [
            "Name",
            "Arn"
          ]
        }
      ]
    }
  },
  "auth": {
    "Capstoneconnect": {
      "service": "Cognito",
      "providerPlugin": "awscloudformation",
      "dependsOn": [],
      "customAuth": false,
      "frontendAuthConfig": {
        "socialProviders": [],
        "usernameAttributes": [
          "EMAIL"
        ],
        "signupAttributes": [
          "EMAIL",
          "PREFERRED_USERNAME",
          "GIVEN_NAME",
          "FAMILY_NAME"
        ],
        "passwordProtectionSettings": {
          "passwordPolicyMinLength": 8,
          "passwordPolicyCharacters": [
            "REQUIRES_LOWERCASE",
            "REQUIRES_NUMBERS",
            "REQUIRES_UPPERCASE"
          ]
        },
        "mfaConfiguration": "OFF",
        "mfaTypes": [
          "SMS"
        ],
        "verificationMechanisms": [
          "EMAIL"
        ]
      }
    }
  },
  "storage": {
    "s3capstoneconnectstoragef5074fa2": {
      "service": "S3",
      "providerPlugin": "awscloudformation",
      "dependsOn": []
    }
  },
  "function": {
    "capstoneconnectTest": {
      "providerPlugin": "awscloudformation",
      "service": "LambdaLayer",
      "build": true
    },
    "projectsLambda": {
      "build": true,
      "providerPlugin": "awscloudformation",
      "service": "Lambda"
    }
  }
}